{"cameraMode":{"drawMode":0,"name":"Shaded","section":"Shading Mode"},"sceneLighting":true,"audioPlay":false,"sceneViewState":{"m_AlwaysRefresh":false,"showFog":true,"showSkybox":true,"showFlares":true,"showImageEffects":true,"showParticleSystems":true,"showVisualEffectGraphs":true,"m_FxEnabled":true},"in2DMode":false,"pivot":{"x":-14.539999961853028,"y":0.42500001192092898,"z":-9.670000076293946},"rotation":{"x":-0.5131062865257263,"y":-0.004637745209038258,"z":0.002772219479084015,"w":-0.858307957649231},"size":1.316482663154602,"orthographic":false}